[{"project":"Activity","description":"Provides the base Activity subclass and the relevant hooks to build a composable structure on top.","version":"1.6.1","developers":["The Android Open Source Project"],"url":"https://developer.android.com/jetpack/androidx/releases/activity#1.6.1","year":"2018","licenses":[{"license":"The Apache Software License, Version 2.0","license_url":"http://www.apache.org/licenses/LICENSE-2.0.txt"}],"dependency":"androidx.activity:activity:1.6.1"},{"project":"Activity Compose","description":"Compose integration with Activity","version":"1.6.1","developers":["The Android Open Source Project"],"url":"https://developer.android.com/jetpack/androidx/releases/activity#1.6.1","year":"2020","licenses":[{"license":"The Apache Software License, Version 2.0","license_url":"http://www.apache.org/licenses/LICENSE-2.0.txt"}],"dependency":"androidx.activity:activity-compose:1.6.1"},{"project":"Activity Kotlin Extensions","description":"Kotlin extensions for 'activity' artifact","version":"1.6.1","developers":["The Android Open Source Project"],"url":"https://developer.android.com/jetpack/androidx/releases/activity#1.6.1","year":"2018","licenses":[{"license":"The Apache Software License, Version 2.0","license_url":"http://www.apache.org/licenses/LICENSE-2.0.txt"}],"dependency":"androidx.activity:activity-ktx:1.6.1"},{"project":"Android App Startup Runtime","description":"Android App Startup Runtime","version":"1.1.1","developers":["The Android Open Source Project"],"url":"https://developer.android.com/jetpack/androidx/releases/startup#1.1.1","year":"2020","licenses":[{"license":"The Apache Software License, Version 2.0","license_url":"http://www.apache.org/licenses/LICENSE-2.0.txt"}],"dependency":"androidx.startup:startup-runtime:1.1.1"},{"project":"Android AppCompat Library","description":"The Support Library is a static library that you can add to your Android application in order to use APIs that are either not available for older platform versions or utility APIs that aren't a part of the framework APIs. Compatible on devices running API 14 or later.","version":"1.5.1","developers":["The Android Open Source Project"],"url":"https://developer.android.com/jetpack/androidx/releases/appcompat#1.5.1","year":"2011","licenses":[{"license":"The Apache Software License, Version 2.0","license_url":"http://www.apache.org/licenses/LICENSE-2.0.txt"}],"dependency":"androidx.appcompat:appcompat:1.5.1"},{"project":"Android Arch-Common","description":"Android Arch-Common","version":"2.1.0","developers":["The Android Open Source Project"],"url":"https://developer.android.com/topic/libraries/architecture/index.html","year":"2017","licenses":[{"license":"The Apache Software License, Version 2.0","license_url":"http://www.apache.org/licenses/LICENSE-2.0.txt"}],"dependency":"androidx.arch.core:core-common:2.1.0"},{"project":"Android Arch-Runtime","description":"Android Arch-Runtime","version":"2.1.0","developers":["The Android Open Source Project"],"url":"https://developer.android.com/topic/libraries/architecture/index.html","year":"2017","licenses":[{"license":"The Apache Software License, Version 2.0","license_url":"http://www.apache.org/licenses/LICENSE-2.0.txt"}],"dependency":"androidx.arch.core:core-runtime:2.1.0"},{"project":"Android ConstraintLayout","description":"ConstraintLayout for Android","version":"2.0.1","developers":["The Android Open Source Project"],"url":"http://tools.android.com","year":"2007","licenses":[{"license":"The Apache Software License, Version 2.0","license_url":"http://www.apache.org/licenses/LICENSE-2.0.txt"}],"dependency":"androidx.constraintlayout:constraintlayout:2.0.1"},{"project":"Android ConstraintLayout Solver","description":"Solver for ConstraintLayout","version":"2.0.1","developers":["The Android Open Source Project"],"url":"http://tools.android.com","year":"2007","licenses":[{"license":"The Apache Software License, Version 2.0","license_url":"http://www.apache.org/licenses/LICENSE-2.0.txt"}],"dependency":"androidx.constraintlayout:constraintlayout-solver:2.0.1"},{"project":"Android Emoji2 Compat","description":"Core library to enable emoji compatibility in Kitkat and newer devices to avoid the empty emoji characters.","version":"1.2.0","developers":["The Android Open Source Project"],"url":"https://developer.android.com/jetpack/androidx/releases/emoji2#1.2.0","year":"2017","licenses":[{"license":"The Apache Software License, Version 2.0","license_url":"http://www.apache.org/licenses/LICENSE-2.0.txt"}],"dependency":"androidx.emoji2:emoji2:1.2.0"},{"project":"Android Emoji2 Compat view helpers","description":"View helpers for Emoji2","version":"1.2.0","developers":["The Android Open Source Project"],"url":"https://developer.android.com/jetpack/androidx/releases/emoji2#1.2.0","year":"2017","licenses":[{"license":"The Apache Software License, Version 2.0","license_url":"http://www.apache.org/licenses/LICENSE-2.0.txt"}],"dependency":"androidx.emoji2:emoji2-views-helper:1.2.0"},{"project":"Android Lifecycle Kotlin Extensions","description":"Kotlin extensions for 'lifecycle' artifact","version":"2.5.1","developers":["The Android Open Source Project"],"url":"https://developer.android.com/jetpack/androidx/releases/lifecycle#2.5.1","year":"2019","licenses":[{"license":"The Apache Software License, Version 2.0","license_url":"http://www.apache.org/licenses/LICENSE-2.0.txt"}],"dependency":"androidx.lifecycle:lifecycle-runtime-ktx:2.5.1"},{"project":"Android Lifecycle LiveData","description":"Android Lifecycle LiveData","version":"2.0.0","developers":["The Android Open Source Project"],"url":"https://developer.android.com/topic/libraries/architecture/index.html","year":"2017","licenses":[{"license":"The Apache Software License, Version 2.0","license_url":"http://www.apache.org/licenses/LICENSE-2.0.txt"}],"dependency":"androidx.lifecycle:lifecycle-livedata:2.0.0"},{"project":"Android Lifecycle LiveData Core","description":"Android Lifecycle LiveData Core","version":"2.5.1","developers":["The Android Open Source Project"],"url":"https://developer.android.com/jetpack/androidx/releases/lifecycle#2.5.1","year":"2017","licenses":[{"license":"The Apache Software License, Version 2.0","license_url":"http://www.apache.org/licenses/LICENSE-2.0.txt"}],"dependency":"androidx.lifecycle:lifecycle-livedata-core:2.5.1"},{"project":"Android Lifecycle Process","description":"Android Lifecycle Process","version":"2.4.1","developers":["The Android Open Source Project"],"url":"https://developer.android.com/jetpack/androidx/releases/lifecycle#2.4.1","year":"2018","licenses":[{"license":"The Apache Software License, Version 2.0","license_url":"http://www.apache.org/licenses/LICENSE-2.0.txt"}],"dependency":"androidx.lifecycle:lifecycle-process:2.4.1"},{"project":"Android Lifecycle Runtime","description":"Android Lifecycle Runtime","version":"2.5.1","developers":["The Android Open Source Project"],"url":"https://developer.android.com/jetpack/androidx/releases/lifecycle#2.5.1","year":"2017","licenses":[{"license":"The Apache Software License, Version 2.0","license_url":"http://www.apache.org/licenses/LICENSE-2.0.txt"}],"dependency":"androidx.lifecycle:lifecycle-runtime:2.5.1"},{"project":"Android Lifecycle ViewModel","description":"Android Lifecycle ViewModel","version":"2.5.1","developers":["The Android Open Source Project"],"url":"https://developer.android.com/jetpack/androidx/releases/lifecycle#2.5.1","year":"2017","licenses":[{"license":"The Apache Software License, Version 2.0","license_url":"http://www.apache.org/licenses/LICENSE-2.0.txt"}],"dependency":"androidx.lifecycle:lifecycle-viewmodel:2.5.1"},{"project":"Android Lifecycle ViewModel Kotlin Extensions","description":"Kotlin extensions for 'viewmodel' artifact","version":"2.5.1","developers":["The Android Open Source Project"],"url":"https://developer.android.com/jetpack/androidx/releases/lifecycle#2.5.1","year":"2018","licenses":[{"license":"The Apache Software License, Version 2.0","license_url":"http://www.apache.org/licenses/LICENSE-2.0.txt"}],"dependency":"androidx.lifecycle:lifecycle-viewmodel-ktx:2.5.1"},{"project":"Android Lifecycle ViewModel with SavedState","description":"Android Lifecycle ViewModel","version":"2.5.1","developers":["The Android Open Source Project"],"url":"https://developer.android.com/jetpack/androidx/releases/lifecycle#2.5.1","year":"2018","licenses":[{"license":"The Apache Software License, Version 2.0","license_url":"http://www.apache.org/licenses/LICENSE-2.0.txt"}],"dependency":"androidx.lifecycle:lifecycle-viewmodel-savedstate:2.5.1"},{"project":"Android Lifecycle-Common","description":"Android Lifecycle-Common","version":"2.5.1","developers":["The Android Open Source Project"],"url":"https://developer.android.com/jetpack/androidx/releases/lifecycle#2.5.1","year":"2017","licenses":[{"license":"The Apache Software License, Version 2.0","license_url":"http://www.apache.org/licenses/LICENSE-2.0.txt"}],"dependency":"androidx.lifecycle:lifecycle-common:2.5.1"},{"project":"Android Lifecycle-Common for Java 8 Language","description":"Android Lifecycle-Common for Java 8 Language","version":"2.5.1","developers":["The Android Open Source Project"],"url":"https://developer.android.com/jetpack/androidx/releases/lifecycle#2.5.1","year":"2017","licenses":[{"license":"The Apache Software License, Version 2.0","license_url":"http://www.apache.org/licenses/LICENSE-2.0.txt"}],"dependency":"androidx.lifecycle:lifecycle-common-java8:2.5.1"},{"project":"Android Navigation Common","description":"Android Navigation-Common","version":"2.5.3","developers":["The Android Open Source Project"],"url":"https://developer.android.com/jetpack/androidx/releases/navigation#2.5.3","year":"2017","licenses":[{"license":"The Apache Software License, Version 2.0","license_url":"http://www.apache.org/licenses/LICENSE-2.0.txt"}],"dependency":"androidx.navigation:navigation-common:2.5.3"},{"project":"Android Navigation Common Kotlin Extensions","description":"Android Navigation-Common-Ktx","version":"2.5.3","developers":["The Android Open Source Project"],"url":"https://developer.android.com/jetpack/androidx/releases/navigation#2.5.3","year":"2018","licenses":[{"license":"The Apache Software License, Version 2.0","license_url":"http://www.apache.org/licenses/LICENSE-2.0.txt"}],"dependency":"androidx.navigation:navigation-common-ktx:2.5.3"},{"project":"Android Navigation Runtime","description":"Android Navigation-Runtime","version":"2.5.3","developers":["The Android Open Source Project"],"url":"https://developer.android.com/jetpack/androidx/releases/navigation#2.5.3","year":"2017","licenses":[{"license":"The Apache Software License, Version 2.0","license_url":"http://www.apache.org/licenses/LICENSE-2.0.txt"}],"dependency":"androidx.navigation:navigation-runtime:2.5.3"},{"project":"Android Navigation Runtime Kotlin Extensions","description":"Android Navigation-Runtime-Ktx","version":"2.5.3","developers":["The Android Open Source Project"],"url":"https://developer.android.com/jetpack/androidx/releases/navigation#2.5.3","year":"2018","licenses":[{"license":"The Apache Software License, Version 2.0","license_url":"http://www.apache.org/licenses/LICENSE-2.0.txt"}],"dependency":"androidx.navigation:navigation-runtime-ktx:2.5.3"},{"project":"Android Resource Inspection - Annotations","description":"Annotation processors for Android resource and layout inspection","version":"1.0.1","developers":["The Android Open Source Project"],"url":"https://developer.android.com/jetpack/androidx/releases/resourceinspection#1.0.1","year":"2021","licenses":[{"license":"The Apache Software License, Version 2.0","license_url":"http://www.apache.org/licenses/LICENSE-2.0.txt"}],"dependency":"androidx.resourceinspection:resourceinspection-annotation:1.0.1"},{"project":"Android Resources Library","description":"The Resources Library is a static library that you can add to your Android application in order to use resource APIs that backport the latest APIs to older versions of the platform. Compatible on devices running API 14 or later.","version":"1.5.1","developers":["The Android Open Source Project"],"url":"https://developer.android.com/jetpack/androidx/releases/appcompat#1.5.1","year":"2019","licenses":[{"license":"The Apache Software License, Version 2.0","license_url":"http://www.apache.org/licenses/LICENSE-2.0.txt"}],"dependency":"androidx.appcompat:appcompat-resources:1.5.1"},{"project":"Android Support AnimatedVectorDrawable","description":"Android Support AnimatedVectorDrawable","version":"1.1.0","developers":["The Android Open Source Project"],"url":"https://developer.android.com/jetpack/androidx","year":"2015","licenses":[{"license":"The Apache Software License, Version 2.0","license_url":"http://www.apache.org/licenses/LICENSE-2.0.txt"}],"dependency":"androidx.vectordrawable:vectordrawable-animated:1.1.0"},{"project":"Android Support CardView v7","description":"Android Support CardView v7","version":"1.0.0","developers":["The Android Open Source Project"],"url":"http://developer.android.com/tools/extras/support-library.html","year":"2011","licenses":[{"license":"The Apache Software License, Version 2.0","license_url":"http://www.apache.org/licenses/LICENSE-2.0.txt"}],"dependency":"androidx.cardview:cardview:1.0.0"},{"project":"Android Support DynamicAnimation","description":"Physics-based animation in support library, where the animations are driven by physics force. You can use this Animation library to create smooth and realistic animations.","version":"1.0.0","developers":["The Android Open Source Project"],"url":"http://developer.android.com/tools/extras/support-library.html","year":"2017","licenses":[{"license":"The Apache Software License, Version 2.0","license_url":"http://www.apache.org/licenses/LICENSE-2.0.txt"}],"dependency":"androidx.dynamicanimation:dynamicanimation:1.0.0"},{"project":"Android Support Library Annotations","description":"The Support Library is a static library that you can add to your Android application in order to use APIs that are either not available for older platform versions or utility APIs that aren't a part of the framework APIs.","version":"1.5.0","developers":["The Android Open Source Project"],"url":"https://developer.android.com/jetpack/androidx/releases/annotation#1.5.0","year":"2013","licenses":[{"license":"The Apache Software License, Version 2.0","license_url":"http://www.apache.org/licenses/LICENSE-2.0.txt"}],"dependency":"androidx.annotation:annotation:1.5.0"},{"project":"Android Support Library collections","description":"Standalone efficient collections.","version":"1.1.0","developers":["The Android Open Source Project"],"url":"http://developer.android.com/tools/extras/support-library.html","year":"2018","licenses":[{"license":"The Apache Software License, Version 2.0","license_url":"http://www.apache.org/licenses/LICENSE-2.0.txt"}],"dependency":"androidx.collection:collection:1.1.0"},{"project":"Android Support Library compat","description":"The Support Library is a static library that you can add to your Android application in order to use APIs that are either not available for older platform versions or utility APIs that aren't a part of the framework APIs. Compatible on devices running API 14 or later.","version":"1.9.0","developers":["The Android Open Source Project"],"url":"https://developer.android.com/jetpack/androidx/releases/core#1.9.0","year":"2015","licenses":[{"license":"The Apache Software License, Version 2.0","license_url":"http://www.apache.org/licenses/LICENSE-2.0.txt"}],"dependency":"androidx.core:core:1.9.0"},{"project":"Android Support Library Coordinator Layout","description":"The Support Library is a static library that you can add to your Android application in order to use APIs that are either not available for older platform versions or utility APIs that aren't a part of the framework APIs. Compatible on devices running API 14 or later.","version":"1.1.0","developers":["The Android Open Source Project"],"url":"https://developer.android.com/jetpack/androidx","year":"2011","licenses":[{"license":"The Apache Software License, Version 2.0","license_url":"http://www.apache.org/licenses/LICENSE-2.0.txt"}],"dependency":"androidx.coordinatorlayout:coordinatorlayout:1.1.0"},{"project":"Android Support Library core utils","description":"The Support Library is a static library that you can add to your Android application in order to use APIs that are either not available for older platform versions or utility APIs that aren't a part of the framework APIs. Compatible on devices running API 14 or later.","version":"1.0.0","developers":["The Android Open Source Project"],"url":"http://developer.android.com/tools/extras/support-library.html","year":"2011","licenses":[{"license":"The Apache Software License, Version 2.0","license_url":"http://www.apache.org/licenses/LICENSE-2.0.txt"}],"dependency":"androidx.legacy:legacy-support-core-utils:1.0.0"},{"project":"Android Support Library Cursor Adapter","description":"The Support Library is a static library that you can add to your Android application in order to use APIs that are either not available for older platform versions or utility APIs that aren't a part of the framework APIs. Compatible on devices running API 14 or later.","version":"1.0.0","developers":["The Android Open Source Project"],"url":"http://developer.android.com/tools/extras/support-library.html","year":"2018","licenses":[{"license":"The Apache Software License, Version 2.0","license_url":"http://www.apache.org/licenses/LICENSE-2.0.txt"}],"dependency":"androidx.cursoradapter:cursoradapter:1.0.0"},{"project":"Android Support Library Custom View","description":"The Support Library is a static library that you can add to your Android application in order to use APIs that are either not available for older platform versions or utility APIs that aren't a part of the framework APIs. Compatible on devices running API 14 or later.","version":"1.1.0","developers":["The Android Open Source Project"],"url":"https://developer.android.com/jetpack/androidx","year":"2018","licenses":[{"license":"The Apache Software License, Version 2.0","license_url":"http://www.apache.org/licenses/LICENSE-2.0.txt"}],"dependency":"androidx.customview:customview:1.1.0"},{"project":"Android Support Library Document File","description":"The Support Library is a static library that you can add to your Android application in order to use APIs that are either not available for older platform versions or utility APIs that aren't a part of the framework APIs. Compatible on devices running API 14 or later.","version":"1.0.0","developers":["The Android Open Source Project"],"url":"http://developer.android.com/tools/extras/support-library.html","year":"2018","licenses":[{"license":"The Apache Software License, Version 2.0","license_url":"http://www.apache.org/licenses/LICENSE-2.0.txt"}],"dependency":"androidx.documentfile:documentfile:1.0.0"},{"project":"Android Support Library Drawer Layout","description":"The Support Library is a static library that you can add to your Android application in order to use APIs that are either not available for older platform versions or utility APIs that aren't a part of the framework APIs. Compatible on devices running API 14 or later.","version":"1.1.1","developers":["The Android Open Source Project"],"url":"https://developer.android.com/jetpack/androidx","year":"2018","licenses":[{"license":"The Apache Software License, Version 2.0","license_url":"http://www.apache.org/licenses/LICENSE-2.0.txt"}],"dependency":"androidx.drawerlayout:drawerlayout:1.1.1"},{"project":"Android Support Library fragment","description":"The Support Library is a static library that you can add to your Android application in order to use APIs that are either not available for older platform versions or utility APIs that aren't a part of the framework APIs. Compatible on devices running API 14 or later.","version":"1.4.1","developers":["The Android Open Source Project"],"url":"https://developer.android.com/jetpack/androidx/releases/fragment#1.4.1","year":"2011","licenses":[{"license":"The Apache Software License, Version 2.0","license_url":"http://www.apache.org/licenses/LICENSE-2.0.txt"}],"dependency":"androidx.fragment:fragment:1.4.1"},{"project":"Android Support Library Interpolators","description":"The Support Library is a static library that you can add to your Android application in order to use APIs that are either not available for older platform versions or utility APIs that aren't a part of the framework APIs. Compatible on devices running API 14 or later.","version":"1.0.0","developers":["The Android Open Source Project"],"url":"http://developer.android.com/tools/extras/support-library.html","year":"2018","licenses":[{"license":"The Apache Software License, Version 2.0","license_url":"http://www.apache.org/licenses/LICENSE-2.0.txt"}],"dependency":"androidx.interpolator:interpolator:1.0.0"},{"project":"Android Support Library loader","description":"The Support Library is a static library that you can add to your Android application in order to use APIs that are either not available for older platform versions or utility APIs that aren't a part of the framework APIs. Compatible on devices running API 14 or later.","version":"1.0.0","developers":["The Android Open Source Project"],"url":"http://developer.android.com/tools/extras/support-library.html","year":"2011","licenses":[{"license":"The Apache Software License, Version 2.0","license_url":"http://www.apache.org/licenses/LICENSE-2.0.txt"}],"dependency":"androidx.loader:loader:1.0.0"},{"project":"Android Support Library Local Broadcast Manager","description":"The Support Library is a static library that you can add to your Android application in order to use APIs that are either not available for older platform versions or utility APIs that aren't a part of the framework APIs. Compatible on devices running API 14 or later.","version":"1.0.0","developers":["The Android Open Source Project"],"url":"http://developer.android.com/tools/extras/support-library.html","year":"2018","licenses":[{"license":"The Apache Software License, Version 2.0","license_url":"http://www.apache.org/licenses/LICENSE-2.0.txt"}],"dependency":"androidx.localbroadcastmanager:localbroadcastmanager:1.0.0"},{"project":"Android Support Library Print","description":"The Support Library is a static library that you can add to your Android application in order to use APIs that are either not available for older platform versions or utility APIs that aren't a part of the framework APIs. Compatible on devices running API 14 or later.","version":"1.0.0","developers":["The Android Open Source Project"],"url":"http://developer.android.com/tools/extras/support-library.html","year":"2018","licenses":[{"license":"The Apache Software License, Version 2.0","license_url":"http://www.apache.org/licenses/LICENSE-2.0.txt"}],"dependency":"androidx.print:print:1.0.0"},{"project":"Android Support Library View Pager","description":"The Support Library is a static library that you can add to your Android application in order to use APIs that are either not available for older platform versions or utility APIs that aren't a part of the framework APIs. Compatible on devices running API 14 or later.","version":"1.0.0","developers":["The Android Open Source Project"],"url":"http://developer.android.com/tools/extras/support-library.html","year":"2018","licenses":[{"license":"The Apache Software License, Version 2.0","license_url":"http://www.apache.org/licenses/LICENSE-2.0.txt"}],"dependency":"androidx.viewpager:viewpager:1.0.0"},{"project":"Android Support RecyclerView v7","description":"Android Support RecyclerView v7","version":"1.1.0","developers":["The Android Open Source Project"],"url":"https://developer.android.com/jetpack/androidx","year":"2014","licenses":[{"license":"The Apache Software License, Version 2.0","license_url":"http://www.apache.org/licenses/LICENSE-2.0.txt"}],"dependency":"androidx.recyclerview:recyclerview:1.1.0"},{"project":"Android Support VectorDrawable","description":"Android Support VectorDrawable","version":"1.1.0","developers":["The Android Open Source Project"],"url":"https://developer.android.com/jetpack/androidx","year":"2015","licenses":[{"license":"The Apache Software License, Version 2.0","license_url":"http://www.apache.org/licenses/LICENSE-2.0.txt"}],"dependency":"androidx.vectordrawable:vectordrawable:1.1.0"},{"project":"Android Tracing","description":"Android Tracing","version":"1.0.0","developers":["The Android Open Source Project"],"url":"https://developer.android.com/jetpack/androidx/releases/tracing#1.0.0","year":"2020","licenses":[{"license":"The Apache Software License, Version 2.0","license_url":"http://www.apache.org/licenses/LICENSE-2.0.txt"}],"dependency":"androidx.tracing:tracing:1.0.0"},{"project":"Android Transition Support Library","description":"Android Transition Support Library","version":"1.2.0","developers":["The Android Open Source Project"],"url":"https://developer.android.com/jetpack/androidx","year":"2016","licenses":[{"license":"The Apache Software License, Version 2.0","license_url":"http://www.apache.org/licenses/LICENSE-2.0.txt"}],"dependency":"androidx.transition:transition:1.2.0"},{"project":"AndroidX Autofill","description":"AndroidX Autofill","version":"1.0.0","developers":["The Android Open Source Project"],"url":"https://developer.android.com/jetpack/androidx","year":"2019","licenses":[{"license":"The Apache Software License, Version 2.0","license_url":"http://www.apache.org/licenses/LICENSE-2.0.txt"}],"dependency":"androidx.autofill:autofill:1.0.0"},{"project":"AndroidX Futures","description":"Androidx implementation of Guava's ListenableFuture","version":"1.0.0","developers":["The Android Open Source Project"],"url":"https://developer.android.com/topic/libraries/architecture/index.html","year":"2018","licenses":[{"license":"The Apache Software License, Version 2.0","license_url":"http://www.apache.org/licenses/LICENSE-2.0.txt"}],"dependency":"androidx.concurrent:concurrent-futures:1.0.0"},{"project":"AndroidX Security","description":"AndroidX Security","version":"1.1.0-alpha04","developers":["The Android Open Source Project"],"url":"https://developer.android.com/jetpack/androidx/releases/security#1.1.0-alpha04","year":"2019","licenses":[{"license":"The Apache Software License, Version 2.0","license_url":"http://www.apache.org/licenses/LICENSE-2.0.txt"}],"dependency":"androidx.security:security-crypto:1.1.0-alpha04"},{"project":"AndroidX Widget ViewPager2","description":"AndroidX Widget ViewPager2","version":"1.0.0","developers":["The Android Open Source Project"],"url":"https://developer.android.com/jetpack/androidx","year":"2017","licenses":[{"license":"The Apache Software License, Version 2.0","license_url":"http://www.apache.org/licenses/LICENSE-2.0.txt"}],"dependency":"androidx.viewpager2:viewpager2:1.0.0"},{"project":"androidx.customview:poolingcontainer","description":"Utilities for listening to the lifecycle of containers that manage their child Views' lifecycle, such as RecyclerView","version":"1.0.0","developers":["The Android Open Source Project"],"url":"https://developer.android.com/jetpack/androidx/releases/customview#1.0.0","year":"2021","licenses":[{"license":"The Apache Software License, Version 2.0","license_url":"http://www.apache.org/licenses/LICENSE-2.0.txt"}],"dependency":"androidx.customview:customview-poolingcontainer:1.0.0"},{"project":"androidx.profileinstaller:profileinstaller","description":"Allows libraries to prepopulate ahead of time compilation traces to be read by ART","version":"1.2.0","developers":["The Android Open Source Project"],"url":"https://developer.android.com/jetpack/androidx/releases/profileinstaller#1.2.0","year":"2021","licenses":[{"license":"The Apache Software License, Version 2.0","license_url":"http://www.apache.org/licenses/LICENSE-2.0.txt"}],"dependency":"androidx.profileinstaller:profileinstaller:1.2.0"},{"project":"argon2","description":"Argon2 Android library wrapping https://github.com/P-H-C/phc-winner-argon2","version":"13.1","developers":["Alan Evans"],"url":"https://github.com/signalapp/argon2","year":null,"licenses":[{"license":"GPLv3","license_url":"https://www.gnu.org/licenses/gpl-3.0.txt"}],"dependency":"org.signal:argon2:13.1"},{"project":"atomicfu","description":"AtomicFU utilities","version":"0.18.3","developers":["JetBrains Team"],"url":"https://github.com/Kotlin/kotlinx.atomicfu","year":null,"licenses":[{"license":"The Apache Software License, Version 2.0","license_url":"https://www.apache.org/licenses/LICENSE-2.0.txt"}],"dependency":"org.jetbrains.kotlinx:atomicfu-jvm:0.18.3"},{"project":"Auto installer for plumber-android-core","description":"LeakCanary","version":"2.10","developers":["Square, Inc."],"url":"https://github.com/square/leakcanary/","year":"2015","licenses":[{"license":"The Apache Software License, Version 2.0","license_url":"https://www.apache.org/licenses/LICENSE-2.0.txt"}],"dependency":"com.squareup.leakcanary:plumber-android:2.10"},{"project":"Biometric","description":"The Biometric library is a static library that you can add to your Android application. It invokes BiometricPrompt on devices running P and greater, and on older devices will show a compat dialog. Compatible on devices running API 14 or later.","version":"1.2.0-alpha05","developers":["The Android Open Source Project"],"url":"https://developer.android.com/jetpack/androidx/releases/biometric#1.2.0-alpha05","year":"2018","licenses":[{"license":"The Apache Software License, Version 2.0","license_url":"http://www.apache.org/licenses/LICENSE-2.0.txt"}],"dependency":"androidx.biometric:biometric:1.2.0-alpha05"},{"project":"C Interop","description":"Wrapper for interacting with Realm Kotlin native code. This artifact is not supposed to be consumed directly, but through 'io.realm.kotlin:gradle-plugin:1.4.0' instead.","version":"1.4.0","developers":["Realm"],"url":"https://realm.io","year":null,"licenses":[{"license":"The Apache License, Version 2.0","license_url":"https://www.apache.org/licenses/LICENSE-2.0.txt"}],"dependency":"io.realm.kotlin:cinterop-android-debug:1.4.0"},{"project":"Collections Kotlin Extensions","description":"Kotlin extensions for 'collection' artifact","version":"1.1.0","developers":["The Android Open Source Project"],"url":"http://developer.android.com/tools/extras/support-library.html","year":"2018","licenses":[{"license":"The Apache Software License, Version 2.0","license_url":"http://www.apache.org/licenses/LICENSE-2.0.txt"}],"dependency":"androidx.collection:collection-ktx:1.1.0"},{"project":"Compose Animation","description":"Compose animation library","version":"1.3.1","developers":["The Android Open Source Project"],"url":"https://developer.android.com/jetpack/androidx/releases/compose-animation#1.3.1","year":"2019","licenses":[{"license":"The Apache Software License, Version 2.0","license_url":"http://www.apache.org/licenses/LICENSE-2.0.txt"}],"dependency":"androidx.compose.animation:animation:1.3.1"},{"project":"Compose Animation Core","description":"Animation engine and animation primitives that are the building blocks of the Compose animation library","version":"1.3.1","developers":["The Android Open Source Project"],"url":"https://developer.android.com/jetpack/androidx/releases/compose-animation#1.3.1","year":"2019","licenses":[{"license":"The Apache Software License, Version 2.0","license_url":"http://www.apache.org/licenses/LICENSE-2.0.txt"}],"dependency":"androidx.compose.animation:animation-core:1.3.1"},{"project":"Compose Compiler","description":"Compiler plugin that enables Compose","version":"1.3.2","developers":["The Android Open Source Project"],"url":"https://developer.android.com/jetpack/androidx/releases/compose-compiler#1.3.2","year":"2019","licenses":[{"license":"The Apache Software License, Version 2.0","license_url":"http://www.apache.org/licenses/LICENSE-2.0.txt"}],"dependency":"androidx.compose.compiler:compiler:1.3.2"},{"project":"Compose Foundation","description":"Higher level abstractions of the Compose UI primitives. This library is design system agnostic, providing the high-level building blocks for both application and design-system developers","version":"1.4.0-alpha03","developers":["The Android Open Source Project"],"url":"https://developer.android.com/jetpack/androidx/releases/compose-foundation#1.4.0-alpha03","year":"2018","licenses":[{"license":"The Apache Software License, Version 2.0","license_url":"http://www.apache.org/licenses/LICENSE-2.0.txt"}],"dependency":"androidx.compose.foundation:foundation:1.4.0-alpha03"},{"project":"Compose Geometry","description":"Compose classes related to dimensions without units","version":"1.4.0-alpha03","developers":["The Android Open Source Project"],"url":"https://developer.android.com/jetpack/androidx/releases/compose-ui#1.4.0-alpha03","year":"2020","licenses":[{"license":"The Apache Software License, Version 2.0","license_url":"http://www.apache.org/licenses/LICENSE-2.0.txt"}],"dependency":"androidx.compose.ui:ui-geometry:1.4.0-alpha03"},{"project":"Compose Graphics","description":"Compose graphics","version":"1.4.0-alpha03","developers":["The Android Open Source Project"],"url":"https://developer.android.com/jetpack/androidx/releases/compose-ui#1.4.0-alpha03","year":"2020","licenses":[{"license":"The Apache Software License, Version 2.0","license_url":"http://www.apache.org/licenses/LICENSE-2.0.txt"}],"dependency":"androidx.compose.ui:ui-graphics:1.4.0-alpha03"},{"project":"Compose Layouts","description":"Compose layout implementations","version":"1.4.0-alpha03","developers":["The Android Open Source Project"],"url":"https://developer.android.com/jetpack/androidx/releases/compose-foundation#1.4.0-alpha03","year":"2019","licenses":[{"license":"The Apache Software License, Version 2.0","license_url":"http://www.apache.org/licenses/LICENSE-2.0.txt"}],"dependency":"androidx.compose.foundation:foundation-layout:1.4.0-alpha03"},{"project":"Compose Material Components","description":"Compose Material Design Components library","version":"1.0.0","developers":["The Android Open Source Project"],"url":"https://developer.android.com/jetpack/androidx/releases/compose-material#1.0.0","year":"2018","licenses":[{"license":"The Apache Software License, Version 2.0","license_url":"http://www.apache.org/licenses/LICENSE-2.0.txt"}],"dependency":"androidx.compose.material:material:1.0.0"},{"project":"Compose Material Icons Core","description":"Compose Material Design core icons. This module contains the most commonly used set of Material icons.","version":"1.3.1","developers":["The Android Open Source Project"],"url":"https://developer.android.com/jetpack/androidx/releases/compose-material#1.3.1","year":"2020","licenses":[{"license":"The Apache Software License, Version 2.0","license_url":"http://www.apache.org/licenses/LICENSE-2.0.txt"}],"dependency":"androidx.compose.material:material-icons-core:1.3.1"},{"project":"Compose Material Icons Extended","description":"Compose Material Design extended icons. This module contains all Material icons. It is a very large dependency and should not be included directly.","version":"1.3.1","developers":["The Android Open Source Project"],"url":"https://developer.android.com/jetpack/androidx/releases/compose-material#1.3.1","year":"2020","licenses":[{"license":"The Apache Software License, Version 2.0","license_url":"http://www.apache.org/licenses/LICENSE-2.0.txt"}],"dependency":"androidx.compose.material:material-icons-extended:1.3.1"},{"project":"Compose Material Ripple","description":"Material ripple used to build interactive components","version":"1.3.1","developers":["The Android Open Source Project"],"url":"https://developer.android.com/jetpack/androidx/releases/compose-material#1.3.1","year":"2020","licenses":[{"license":"The Apache Software License, Version 2.0","license_url":"http://www.apache.org/licenses/LICENSE-2.0.txt"}],"dependency":"androidx.compose.material:material-ripple:1.3.1"},{"project":"Compose Material3 Components","description":"Compose Material You Design Components library","version":"1.1.0-alpha03","developers":["The Android Open Source Project"],"url":"https://developer.android.com/jetpack/androidx/releases/compose-material3#1.1.0-alpha03","year":"2021","licenses":[{"license":"The Apache Software License, Version 2.0","license_url":"http://www.apache.org/licenses/LICENSE-2.0.txt"}],"dependency":"androidx.compose.material3:material3:1.1.0-alpha03"},{"project":"Compose Navigation","description":"Compose integration with Navigation","version":"2.5.3","developers":["The Android Open Source Project"],"url":"https://developer.android.com/jetpack/androidx/releases/navigation#2.5.3","year":"2020","licenses":[{"license":"The Apache Software License, Version 2.0","license_url":"http://www.apache.org/licenses/LICENSE-2.0.txt"}],"dependency":"androidx.navigation:navigation-compose:2.5.3"},{"project":"Compose Runtime","description":"Tree composition support for code generated by the Compose compiler plugin and corresponding public API","version":"1.4.0-alpha03","developers":["The Android Open Source Project"],"url":"https://developer.android.com/jetpack/androidx/releases/compose-runtime#1.4.0-alpha03","year":"2019","licenses":[{"license":"The Apache Software License, Version 2.0","license_url":"http://www.apache.org/licenses/LICENSE-2.0.txt"}],"dependency":"androidx.compose.runtime:runtime:1.4.0-alpha03"},{"project":"Compose Saveable","description":"Compose components that allow saving and restoring the local ui state","version":"1.4.0-alpha03","developers":["The Android Open Source Project"],"url":"https://developer.android.com/jetpack/androidx/releases/compose-runtime#1.4.0-alpha03","year":"2020","licenses":[{"license":"The Apache Software License, Version 2.0","license_url":"http://www.apache.org/licenses/LICENSE-2.0.txt"}],"dependency":"androidx.compose.runtime:runtime-saveable:1.4.0-alpha03"},{"project":"Compose Tooling","description":"Compose tooling library. This library exposes information to our tools for better IDE support.","version":"1.3.1","developers":["The Android Open Source Project"],"url":"https://developer.android.com/jetpack/androidx/releases/compose-ui#1.3.1","year":"2019","licenses":[{"license":"The Apache Software License, Version 2.0","license_url":"http://www.apache.org/licenses/LICENSE-2.0.txt"}],"dependency":"androidx.compose.ui:ui-tooling:1.3.1"},{"project":"Compose Tooling API","description":"Compose tooling library API. This library provides the API required to declare @Preview composables in user apps.","version":"1.3.1","developers":["The Android Open Source Project"],"url":"https://developer.android.com/jetpack/androidx/releases/compose-ui#1.3.1","year":"2021","licenses":[{"license":"The Apache Software License, Version 2.0","license_url":"http://www.apache.org/licenses/LICENSE-2.0.txt"}],"dependency":"androidx.compose.ui:ui-tooling-preview:1.3.1"},{"project":"Compose Tooling Data","description":"Compose tooling library data. This library provides data about compose for different tooling purposes.","version":"1.3.1","developers":["The Android Open Source Project"],"url":"https://developer.android.com/jetpack/androidx/releases/compose-ui#1.3.1","year":"2021","licenses":[{"license":"The Apache Software License, Version 2.0","license_url":"http://www.apache.org/licenses/LICENSE-2.0.txt"}],"dependency":"androidx.compose.ui:ui-tooling-data:1.3.1"},{"project":"Compose UI primitives","description":"Compose UI primitives. This library contains the primitives that form the Compose UI Toolkit, such as drawing, measurement and layout.","version":"1.4.0-alpha03","developers":["The Android Open Source Project"],"url":"https://developer.android.com/jetpack/androidx/releases/compose-ui#1.4.0-alpha03","year":"2019","licenses":[{"license":"The Apache Software License, Version 2.0","license_url":"http://www.apache.org/licenses/LICENSE-2.0.txt"}],"dependency":"androidx.compose.ui:ui:1.4.0-alpha03"},{"project":"Compose UI Text","description":"Compose Text primitives and utilities","version":"1.4.0-alpha03","developers":["The Android Open Source Project"],"url":"https://developer.android.com/jetpack/androidx/releases/compose-ui#1.4.0-alpha03","year":"2019","licenses":[{"license":"The Apache Software License, Version 2.0","license_url":"http://www.apache.org/licenses/LICENSE-2.0.txt"}],"dependency":"androidx.compose.ui:ui-text:1.4.0-alpha03"},{"project":"Compose Unit","description":"Compose classes for simple units","version":"1.4.0-alpha03","developers":["The Android Open Source Project"],"url":"https://developer.android.com/jetpack/androidx/releases/compose-ui#1.4.0-alpha03","year":"2020","licenses":[{"license":"The Apache Software License, Version 2.0","license_url":"http://www.apache.org/licenses/LICENSE-2.0.txt"}],"dependency":"androidx.compose.ui:ui-unit:1.4.0-alpha03"},{"project":"Compose Util","description":"Internal Compose utilities used by other modules","version":"1.4.0-alpha03","developers":["The Android Open Source Project"],"url":"https://developer.android.com/jetpack/androidx/releases/compose-ui#1.4.0-alpha03","year":"2020","licenses":[{"license":"The Apache Software License, Version 2.0","license_url":"http://www.apache.org/licenses/LICENSE-2.0.txt"}],"dependency":"androidx.compose.ui:ui-util:1.4.0-alpha03"},{"project":"Core Kotlin Extensions","description":"Kotlin extensions for 'core' artifact","version":"1.9.0","developers":["The Android Open Source Project"],"url":"https://developer.android.com/jetpack/androidx/releases/core#1.9.0","year":"2018","licenses":[{"license":"The Apache Software License, Version 2.0","license_url":"http://www.apache.org/licenses/LICENSE-2.0.txt"}],"dependency":"androidx.core:core-ktx:1.9.0"},{"project":"Curtains","description":"Spy on your Android windows","version":"1.2.4","developers":["Square, Inc."],"url":"https://github.com/square/curtains/","year":null,"licenses":[{"license":"The Apache Software License, Version 2.0","license_url":"http://www.apache.org/licenses/LICENSE-2.0.txt"}],"dependency":"com.squareup.curtains:curtains:1.2.4"},{"project":"Experimental annotation","description":"Java annotation for use on unstable Android API surfaces. When used in conjunction with the Experimental annotation lint checks, this annotation provides functional parity with Kotlin's Experimental annotation.","version":"1.3.0","developers":["The Android Open Source Project"],"url":"https://developer.android.com/jetpack/androidx/releases/annotation#1.3.0","year":"2019","licenses":[{"license":"The Apache Software License, Version 2.0","license_url":"http://www.apache.org/licenses/LICENSE-2.0.txt"}],"dependency":"androidx.annotation:annotation-experimental:1.3.0"},{"project":"Fragment Kotlin Extensions","description":"Kotlin extensions for 'fragment' artifact","version":"1.4.1","developers":["The Android Open Source Project"],"url":"https://developer.android.com/jetpack/androidx/releases/fragment#1.4.1","year":"2018","licenses":[{"license":"The Apache Software License, Version 2.0","license_url":"http://www.apache.org/licenses/LICENSE-2.0.txt"}],"dependency":"androidx.fragment:fragment-ktx:1.4.1"},{"project":"Gson","description":null,"version":"2.8.9","developers":[],"url":null,"year":null,"licenses":[{"license":"Apache-2.0","license_url":"https://www.apache.org/licenses/LICENSE-2.0.txt"}],"dependency":"com.google.code.gson:gson:2.8.9"},{"project":"Guava ListenableFuture only","description":"Contains Guava's com.google.common.util.concurrent.ListenableFuture class,\n    without any of its other classes -- but is also available in a second\n    \"version\" that omits the class to avoid conflicts with the copy in Guava\n    itself. The idea is:\n\n    - If users want only ListenableFuture, they depend on listenablefuture-1.0.\n\n    - If users want all of Guava, they depend on guava, which, as of Guava\n    27.0, depends on\n    listenablefuture-9999.0-empty-to-avoid-conflict-with-guava. The 9999.0-...\n    version number is enough for some build systems (notably, Gradle) to select\n    that empty artifact over the \"real\" listenablefuture-1.0 -- avoiding a\n    conflict with the copy of ListenableFuture in guava itself. If users are\n    using an older version of Guava or a build system other than Gradle, they\n    may see class conflicts. If so, they can solve them by manually excluding\n    the listenablefuture artifact or manually forcing their build systems to\n    use 9999.0-....","version":"1.0","developers":[],"url":null,"year":null,"licenses":[{"license":"The Apache Software License, Version 2.0","license_url":"http://www.apache.org/licenses/LICENSE-2.0.txt"}],"dependency":"com.google.guava:listenablefuture:1.0"},{"project":"IntelliJ IDEA Annotations","description":"A set of annotations used for code inspection support and code documentation.","version":"13.0","developers":["JetBrains Team"],"url":"http://www.jetbrains.org","year":null,"licenses":[{"license":"The Apache Software License, Version 2.0","license_url":"http://www.apache.org/licenses/LICENSE-2.0.txt"}],"dependency":"org.jetbrains:annotations:13.0"},{"project":"JNI Swig Stubs","description":"Wrapper for interacting with Realm Kotlin native code from the JVM. This artifact is not supposed to be consumed directly, but through 'io.realm.kotlin:gradle-plugin:1.4.0' instead.","version":"1.4.0","developers":["Realm"],"url":"https://realm.io","year":null,"licenses":[{"license":"The Apache License, Version 2.0","license_url":"https://www.apache.org/licenses/LICENSE-2.0.txt"}],"dependency":"io.realm.kotlin:jni-swig-stub:1.4.0"},{"project":"koin-android","description":"KOIN - Kotlin simple Dependency Injection Framework","version":"3.2.2","developers":["Arnaud Giuliani"],"url":"https://insert-koin.io/","year":null,"licenses":[{"license":"The Apache Software License, Version 2.0","license_url":"http://www.apache.org/licenses/LICENSE-2.0.txt"}],"dependency":"io.insert-koin:koin-android:3.2.2"},{"project":"koin-core","description":"KOIN - Kotlin simple Dependency Injection Framework","version":"3.2.2","developers":["Arnaud Giuliani"],"url":"https://insert-koin.io/","year":null,"licenses":[{"license":"The Apache Software License, Version 2.0","license_url":"http://www.apache.org/licenses/LICENSE-2.0.txt"}],"dependency":"io.insert-koin:koin-core-jvm:3.2.2"},{"project":"Kotlin Reflect","description":"Kotlin Full Reflection Library","version":"1.7.20","developers":["Kotlin Team"],"url":"https://kotlinlang.org/","year":null,"licenses":[{"license":"The Apache License, Version 2.0","license_url":"http://www.apache.org/licenses/LICENSE-2.0.txt"}],"dependency":"org.jetbrains.kotlin:kotlin-reflect:1.7.20"},{"project":"Kotlin Stdlib","description":"Kotlin Standard Library for JVM","version":"1.7.21","developers":["Kotlin Team"],"url":"https://kotlinlang.org/","year":null,"licenses":[{"license":"The Apache License, Version 2.0","license_url":"http://www.apache.org/licenses/LICENSE-2.0.txt"}],"dependency":"org.jetbrains.kotlin:kotlin-stdlib:1.7.21"},{"project":"Kotlin Stdlib Common","description":"Kotlin Common Standard Library","version":"1.7.21","developers":["Kotlin Team"],"url":"https://kotlinlang.org/","year":null,"licenses":[{"license":"The Apache License, Version 2.0","license_url":"http://www.apache.org/licenses/LICENSE-2.0.txt"}],"dependency":"org.jetbrains.kotlin:kotlin-stdlib-common:1.7.21"},{"project":"Kotlin Stdlib Jdk7","description":"Kotlin Standard Library JDK 7 extension","version":"1.7.20","developers":["Kotlin Team"],"url":"https://kotlinlang.org/","year":null,"licenses":[{"license":"The Apache License, Version 2.0","license_url":"http://www.apache.org/licenses/LICENSE-2.0.txt"}],"dependency":"org.jetbrains.kotlin:kotlin-stdlib-jdk7:1.7.20"},{"project":"Kotlin Stdlib Jdk8","description":"Kotlin Standard Library JDK 8 extension","version":"1.7.20","developers":["Kotlin Team"],"url":"https://kotlinlang.org/","year":null,"licenses":[{"license":"The Apache License, Version 2.0","license_url":"http://www.apache.org/licenses/LICENSE-2.0.txt"}],"dependency":"org.jetbrains.kotlin:kotlin-stdlib-jdk8:1.7.20"},{"project":"kotlinx-coroutines-android","description":"Coroutines support libraries for Kotlin","version":"1.6.4","developers":["JetBrains Team"],"url":"https://github.com/Kotlin/kotlinx.coroutines","year":null,"licenses":[{"license":"The Apache Software License, Version 2.0","license_url":"https://www.apache.org/licenses/LICENSE-2.0.txt"}],"dependency":"org.jetbrains.kotlinx:kotlinx-coroutines-android:1.6.4"},{"project":"kotlinx-coroutines-core","description":"Coroutines support libraries for Kotlin","version":"1.6.4","developers":["JetBrains Team"],"url":"https://github.com/Kotlin/kotlinx.coroutines","year":null,"licenses":[{"license":"The Apache Software License, Version 2.0","license_url":"https://www.apache.org/licenses/LICENSE-2.0.txt"}],"dependency":"org.jetbrains.kotlinx:kotlinx-coroutines-core-jvm:1.6.4"},{"project":"kotlinx-datetime","description":"Kotlin Datetime Library","version":"0.4.0","developers":["JetBrains Team"],"url":"https://github.com/Kotlin/kotlinx-datetime","year":null,"licenses":[{"license":"The Apache License, Version 2.0","license_url":"http://www.apache.org/licenses/LICENSE-2.0.txt"}],"dependency":"org.jetbrains.kotlinx:kotlinx-datetime-jvm:0.4.0"},{"project":"kotlinx-serialization-core","description":"Kotlin multiplatform serialization runtime library","version":"1.4.1","developers":["JetBrains Team"],"url":"https://github.com/Kotlin/kotlinx.serialization","year":null,"licenses":[{"license":"The Apache Software License, Version 2.0","license_url":"https://www.apache.org/licenses/LICENSE-2.0.txt"}],"dependency":"org.jetbrains.kotlinx:kotlinx-serialization-core-jvm:1.4.1"},{"project":"kotlinx-serialization-json","description":"Kotlin multiplatform serialization runtime library","version":"1.4.1","developers":["JetBrains Team"],"url":"https://github.com/Kotlin/kotlinx.serialization","year":null,"licenses":[{"license":"The Apache Software License, Version 2.0","license_url":"https://www.apache.org/licenses/LICENSE-2.0.txt"}],"dependency":"org.jetbrains.kotlinx:kotlinx-serialization-json-jvm:1.4.1"},{"project":"LeakCanary Android","description":"LeakCanary","version":"2.10","developers":["Square, Inc."],"url":"https://github.com/square/leakcanary/","year":"2015","licenses":[{"license":"The Apache Software License, Version 2.0","license_url":"https://www.apache.org/licenses/LICENSE-2.0.txt"}],"dependency":"com.squareup.leakcanary:leakcanary-android:2.10"},{"project":"LeakCanary Android Utils","description":"LeakCanary","version":"2.10","developers":["Square, Inc."],"url":"https://github.com/square/leakcanary/","year":"2015","licenses":[{"license":"The Apache Software License, Version 2.0","license_url":"https://www.apache.org/licenses/LICENSE-2.0.txt"}],"dependency":"com.squareup.leakcanary:leakcanary-android-utils:2.10"},{"project":"LeakCanary for Android - Core","description":"LeakCanary","version":"2.10","developers":["Square, Inc."],"url":"https://github.com/square/leakcanary/","year":"2015","licenses":[{"license":"The Apache Software License, Version 2.0","license_url":"https://www.apache.org/licenses/LICENSE-2.0.txt"}],"dependency":"com.squareup.leakcanary:leakcanary-android-core:2.10"},{"project":"LeakCanary Object Watcher","description":"LeakCanary","version":"2.10","developers":["Square, Inc."],"url":"https://github.com/square/leakcanary/","year":"2015","licenses":[{"license":"The Apache Software License, Version 2.0","license_url":"https://www.apache.org/licenses/LICENSE-2.0.txt"}],"dependency":"com.squareup.leakcanary:leakcanary-object-watcher:2.10"},{"project":"LeakCanary Object Watcher for Android - Auto installing","description":"LeakCanary","version":"2.10","developers":["Square, Inc."],"url":"https://github.com/square/leakcanary/","year":"2015","licenses":[{"license":"The Apache Software License, Version 2.0","license_url":"https://www.apache.org/licenses/LICENSE-2.0.txt"}],"dependency":"com.squareup.leakcanary:leakcanary-object-watcher-android:2.10"},{"project":"LeakCanary Object Watcher for Android - Core","description":"LeakCanary","version":"2.10","developers":["Square, Inc."],"url":"https://github.com/square/leakcanary/","year":"2015","licenses":[{"license":"The Apache Software License, Version 2.0","license_url":"https://www.apache.org/licenses/LICENSE-2.0.txt"}],"dependency":"com.squareup.leakcanary:leakcanary-object-watcher-android-core:2.10"},{"project":"LeakCanary Object Watcher for Android extension: Android support library fragments support","description":"LeakCanary","version":"2.10","developers":["Square, Inc."],"url":"https://github.com/square/leakcanary/","year":"2015","licenses":[{"license":"The Apache Software License, Version 2.0","license_url":"https://www.apache.org/licenses/LICENSE-2.0.txt"}],"dependency":"com.squareup.leakcanary:leakcanary-object-watcher-android-support-fragments:2.10"},{"project":"LeakCanary Object Watcher for Android extension: Android X fragments support","description":"LeakCanary","version":"2.10","developers":["Square, Inc."],"url":"https://github.com/square/leakcanary/","year":"2015","licenses":[{"license":"The Apache Software License, Version 2.0","license_url":"https://www.apache.org/licenses/LICENSE-2.0.txt"}],"dependency":"com.squareup.leakcanary:leakcanary-object-watcher-android-androidx:2.10"},{"project":"libphonenumber","description":null,"version":"8.12.56","developers":[],"url":"https://github.com/google/libphonenumber/","year":null,"licenses":[{"license":"The Apache Software License, Version 2.0","license_url":"http://www.apache.org/licenses/LICENSE-2.0.txt"}],"dependency":"com.googlecode.libphonenumber:libphonenumber:8.12.56"},{"project":"Library","description":"Library code for Realm Kotlin. This artifact is not supposed to be consumed directly, but through 'io.realm.kotlin:gradle-plugin:1.4.0' instead.","version":"1.4.0","developers":["Realm"],"url":"https://realm.io","year":null,"licenses":[{"license":"The Apache License, Version 2.0","license_url":"https://www.apache.org/licenses/LICENSE-2.0.txt"}],"dependency":"io.realm.kotlin:library-base-android-debug:1.4.0"},{"project":"Lifecycle ViewModel Compose","description":"Compose integration with Lifecycle ViewModel","version":"2.5.1","developers":["The Android Open Source Project"],"url":"https://developer.android.com/jetpack/androidx/releases/lifecycle#2.5.1","year":"2021","licenses":[{"license":"The Apache Software License, Version 2.0","license_url":"http://www.apache.org/licenses/LICENSE-2.0.txt"}],"dependency":"androidx.lifecycle:lifecycle-viewmodel-compose:2.5.1"},{"project":"LiveData Core Kotlin Extensions","description":"Kotlin extensions for 'livedata-core' artifact","version":"2.3.1","developers":["The Android Open Source Project"],"url":"https://developer.android.com/jetpack/androidx/releases/lifecycle#2.3.1","year":"2018","licenses":[{"license":"The Apache Software License, Version 2.0","license_url":"http://www.apache.org/licenses/LICENSE-2.0.txt"}],"dependency":"androidx.lifecycle:lifecycle-livedata-core-ktx:2.3.1"},{"project":"Material Components for Android","description":"Material Components for Android is a static library that you can add to your Android application in order to use APIs that provide implementations of the Material Design specification. Compatible on devices running API 14 or later.","version":"1.7.0","developers":["The Android Open Source Project"],"url":"https://github.com/material-components/material-components-android","year":"2015","licenses":[{"license":"The Apache Software License, Version 2.0","license_url":"http://www.apache.org/licenses/LICENSE-2.0.txt"}],"dependency":"com.google.android.material:material:1.7.0"},{"project":"napier","description":"Kotlin Multiplatform libraries that show logs in common module.","version":"2.6.1","developers":["aakira"],"url":"https://github.com/aakira/Napier","year":null,"licenses":[{"license":"The Apache Software License, Version 2.0","license_url":"http://www.apache.org/licenses/LICENSE-2.0.txt"}],"dependency":"io.github.aakira:napier-android-debug:2.6.1"},{"project":"napier","description":"Kotlin Multiplatform libraries that show logs in common module.","version":"2.6.1","developers":["aakira"],"url":"https://github.com/aakira/Napier","year":null,"licenses":[{"license":"The Apache Software License, Version 2.0","license_url":"http://www.apache.org/licenses/LICENSE-2.0.txt"}],"dependency":"io.github.aakira:napier-jvm:2.6.1"},{"project":"Okio","description":"A modern I/O API for Java","version":"2.2.2","developers":["Square, Inc."],"url":"https://github.com/square/okio/","year":null,"licenses":[{"license":"The Apache Software License, Version 2.0","license_url":"http://www.apache.org/licenses/LICENSE-2.0.txt"}],"dependency":"com.squareup.okio:okio:2.2.2"},{"project":"Saved State","description":"Android Lifecycle Saved State","version":"1.2.0","developers":["The Android Open Source Project"],"url":"https://developer.android.com/jetpack/androidx/releases/savedstate#1.2.0","year":"2018","licenses":[{"license":"The Apache Software License, Version 2.0","license_url":"http://www.apache.org/licenses/LICENSE-2.0.txt"}],"dependency":"androidx.savedstate:savedstate:1.2.0"},{"project":"SavedState Kotlin Extensions","description":"Kotlin extensions for 'savedstate' artifact","version":"1.2.0","developers":["The Android Open Source Project"],"url":"https://developer.android.com/jetpack/androidx/releases/savedstate#1.2.0","year":"2020","licenses":[{"license":"The Apache Software License, Version 2.0","license_url":"http://www.apache.org/licenses/LICENSE-2.0.txt"}],"dependency":"androidx.savedstate:savedstate-ktx:1.2.0"},{"project":"Shark","description":"LeakCanary","version":"2.10","developers":["Square, Inc."],"url":"https://github.com/square/leakcanary/","year":"2015","licenses":[{"license":"The Apache Software License, Version 2.0","license_url":"https://www.apache.org/licenses/LICENSE-2.0.txt"}],"dependency":"com.squareup.leakcanary:shark:2.10"},{"project":"Shark for Android heaps","description":"LeakCanary","version":"2.10","developers":["Square, Inc."],"url":"https://github.com/square/leakcanary/","year":"2015","licenses":[{"license":"The Apache Software License, Version 2.0","license_url":"https://www.apache.org/licenses/LICENSE-2.0.txt"}],"dependency":"com.squareup.leakcanary:shark-android:2.10"},{"project":"Shark Graph","description":"LeakCanary","version":"2.10","developers":["Square, Inc."],"url":"https://github.com/square/leakcanary/","year":"2015","licenses":[{"license":"The Apache Software License, Version 2.0","license_url":"https://www.apache.org/licenses/LICENSE-2.0.txt"}],"dependency":"com.squareup.leakcanary:shark-graph:2.10"},{"project":"Shark Hprof","description":"LeakCanary","version":"2.10","developers":["Square, Inc."],"url":"https://github.com/square/leakcanary/","year":"2015","licenses":[{"license":"The Apache Software License, Version 2.0","license_url":"https://www.apache.org/licenses/LICENSE-2.0.txt"}],"dependency":"com.squareup.leakcanary:shark-hprof:2.10"},{"project":"Shark Log","description":"LeakCanary","version":"2.10","developers":["Square, Inc."],"url":"https://github.com/square/leakcanary/","year":"2015","licenses":[{"license":"The Apache Software License, Version 2.0","license_url":"https://www.apache.org/licenses/LICENSE-2.0.txt"}],"dependency":"com.squareup.leakcanary:shark-log:2.10"},{"project":"Tink Cryptography API for Android","description":"Tink is a small cryptographic library that provides a safe, simple, agile and fast way to accomplish some common cryptographic tasks.","version":"1.7.0","developers":[""],"url":"http://github.com/google/tink","year":null,"licenses":[{"license":"Apache License, Version 2.0","license_url":"http://www.apache.org/licenses/LICENSE-2.0.txt"}],"dependency":"com.google.crypto.tink:tink-android:1.7.0"},{"project":"Use Plumber Android to fix known leaks in the Android Framework and other Google Android libraries.","description":"LeakCanary","version":"2.10","developers":["Square, Inc."],"url":"https://github.com/square/leakcanary/","year":"2015","licenses":[{"license":"The Apache Software License, Version 2.0","license_url":"https://www.apache.org/licenses/LICENSE-2.0.txt"}],"dependency":"com.squareup.leakcanary:plumber-android-core:2.10"},{"project":"VersionedParcelable","description":"Provides a stable but relatively compact binary serialization format that can be passed across processes or persisted safely.","version":"1.1.1","developers":["The Android Open Source Project"],"url":"http://developer.android.com/tools/extras/support-library.html","year":"2018","licenses":[{"license":"The Apache Software License, Version 2.0","license_url":"http://www.apache.org/licenses/LICENSE-2.0.txt"}],"dependency":"androidx.versionedparcelable:versionedparcelable:1.1.1"}]